{"cameraMode":{"drawMode":0,"name":"Shaded","section":"Shading Mode"},"sceneLighting":false,"audioPlay":false,"sceneViewState":{"m_AlwaysRefresh":false,"showFog":true,"showSkybox":false,"showFlares":true,"showImageEffects":true,"showParticleSystems":true,"showVisualEffectGraphs":true,"m_FxEnabled":true},"in2DMode":false,"pivot":{"x":28.41329574584961,"y":0.5865005254745483,"z":-20.77727508544922},"rotation":{"x":0.30188173055648806,"y":-0.6982453465461731,"z":0.45826485753059389,"w":0.45993348956108096},"size":1.1079744100570679,"orthographic":false}